<?xml version="1.0" encoding="UTF-8" ?>
<!DOCTYPE mapper
PUBLIC "-//mybatis.org//DTD Mapper 3.0//EN"
"http://mybatis.org/dtd/mybatis-3-mapper.dtd">
<mapper namespace="com.ruoyi.project.system.kbm.mapper.TKnownledgeFileMapper">
    
    <resultMap type="TKnownledgeFile" id="TKnownledgeFileResult">
        <result property="fileId"    column="file_id"    />
        <result property="fileName"    column="file_name"    />
        <result property="filePath"    column="file_path"    />
        <result property="fileType"    column="file_type"    />
        <result property="knowledgeId"    column="knowledge_id"    />
    </resultMap>

    <sql id="selectTKnownledgeFileVo">
        select file_id, file_name, file_path, file_type, knowledge_id from t_knownledge_file
    </sql>


    <select id="selectTKnownledgeFileList" parameterType="TKnownledgeFile" resultMap="TKnownledgeFileResult">
        <include refid="selectTKnownledgeFileVo"/>
        <where>  
            <if test="fileName != null  and fileName != ''"> and file_name like concat('%', #{fileName}, '%')</if>
            <if test="filePath != null  and filePath != ''"> and file_path = #{filePath}</if>
            <if test="fileType != null "> and file_type = #{fileType}</if>
            <if test="knowledgeId != null "> and knowledge_id = #{knowledgeId}</if>
        </where>
    </select>
    
    <select id="selectTKnownledgeFileById" parameterType="Long" resultMap="TKnownledgeFileResult">
        <include refid="selectTKnownledgeFileVo"/>
        where file_id = #{fileId}
    </select>
        
    <insert id="insertTKnownledgeFile" parameterType="TKnownledgeFile" useGeneratedKeys="true" keyProperty="fileId">
        insert into t_knownledge_file
        <trim prefix="(" suffix=")" suffixOverrides=",">
            <if test="fileName != null  and fileName != ''">file_name,</if>
            <if test="filePath != null  and filePath != ''">file_path,</if>
            <if test="fileType != null ">file_type,</if>
            <if test="knowledgeId != null ">knowledge_id,</if>
         </trim>
        <trim prefix="values (" suffix=")" suffixOverrides=",">
            <if test="fileName != null  and fileName != ''">#{fileName},</if>
            <if test="filePath != null  and filePath != ''">#{filePath},</if>
            <if test="fileType != null ">#{fileType},</if>
            <if test="knowledgeId != null ">#{knowledgeId},</if>
         </trim>
    </insert>

    <update id="updateTKnownledgeFile" parameterType="TKnownledgeFile">
        update t_knownledge_file
        <trim prefix="SET" suffixOverrides=",">
            <if test="fileName != null  and fileName != ''">file_name = #{fileName},</if>
            <if test="filePath != null  and filePath != ''">file_path = #{filePath},</if>
            <if test="fileType != null ">file_type = #{fileType},</if>
            <if test="knowledgeId != null ">knowledge_id = #{knowledgeId},</if>
        </trim>
        where file_id = #{fileId}
    </update>

    <delete id="deleteTKnownledgeFileById" parameterType="String">
        delete from t_knownledge_file where file_id = #{fileId}
    </delete>

    <delete id="deleteTKnownledgeFileByIds" parameterType="String">
        delete from t_knownledge_file where file_id in 
        <foreach item="fileId" collection="array" open="(" separator="," close=")">
            #{fileId}
        </foreach>
    </delete>
    
</mapper>